Avatar: The Way of Water,7.8,2022,December,PG-13,192,James Cameron,"Sam Worthington, Zoe Saldana, Sigourney Weaver, Stephen Lang","Action, Adventure, Fantasy",New Zealand,"$350,000,000 ","$2,267,946,983 ",United States
Guillermo del Toro's Pinocchio,7.6,2022,December,PG,117,"Guillermo del Toro, Mark Gustafson","Ewan McGregor, David Bradley, Gregory Mann, Burn Gorman","Animation, Drama, Family",USA,"$35,000,000 ","$108,967 ","United States, Mexico, France"
Bullet Train,7.3,2022,August,R,127,David Leitch,"Brad Pitt, Joey King, Aaron Taylor Johnson, Brian Tyree Henry","Action, Comedy, Thriller",Japan,"$85,900,000 ","$239,268,602 ","Japan, United States"
The Banshees of Inisherin,7.8,2022,November,R,114,Martin McDonagh,"Colin Farrell, Brendan Gleeson, Kerry Condon, Pat Shortt","Comedy, Drama",Ireland,Unknown,"$19,720,823 ","Ireland, United Kingdom, United States"
M3gan,6.4,2022,December,PG-13,102,Gerard Johnstone,"Jenna Davis, Amie Donald, Allison Williams, Violet McGraw","Horror, Sci-Fi, Thriller",New Zealand,"$12,000,000 ","$171,253,910 ",United States
Emancipation,6.1,2022,December,R,132,Antoine Fuqua,"Will Smith, Ben Foster, Charmaine Bingwa, Gilbert Owuor","Action, Thriller",Unknown,"$120,000,000 ",Unknown,United States
Amsterdam,6.1,2022,October,R,134,David O Russell,"Christian Bale, Margot Robbie, John David Washington, Alessandro Nivola","Comedy, Drama, History",USA,"$80,000,000 ","$31,245,810 ","United States, Japan"
Violent Night,6.9,2022,December,R,112,Tommy Wirkola,"David Harbour, John Leguizamo, Beverly D Angelo, Alex Hassell","Action, Comedy, Crime",Canada,"$20,000,000 ","$59,595,460 ","United States, Canada"
The Whale,7.8,2022,December,R,117,Darren Aronofsky,"Brendan Fraser, Sadie Sink, Ty Simpkins, Hong Chau",Drama,USA,"$10,000,000 ","$31,104,312 ",United States
The Fabelmans,7.6,2022,November,PG-13,151,Steven Spielberg,"Michelle Williams, Gabriel LaBelle, Paul Dano, Judd Hirsch",Drama,USA,"$40,000,000 ","$9,500,361 ",United States
The Menu,7.5,2022,November,R,107,Mark Mylod,"Ralph Fiennes, Anya Taylor Joy, Nicholas Hoult, Hong Chau","Comedy, Horror, Thriller",USA,"$35,000,000 ","$65,878,071 ",United States
Babylon,7.3,2022,December,R,188,Damien Chazelle,"Brad Pitt, Margot Robbie, Jean Smart, Olivia Wilde","Comedy, Drama, History",USA,"$78,000,000 ","$61,851,455 ",United States
X,6.6,2022,March,R,105,Ti West,"Mia Goth, Jenna Ortega, Brittany Snow, Kid Cudi","Horror, Mystery, Thriller",New Zealand,"$1,000,000 ","$14,779,858 ","United States, Canada"
Bones and All,7,2022,November,R,131,Luca Guadagnino,"Timoth e Chalamet, Taylor Russell, Mark Rylance, Kendle Coffey","Drama, Horror, Romance",USA,"$16,000,000 ","$14,134,907 ","Italy, United States"
Black Adam,6.5,2022,October,PG-13,125,Jaume Collet Serra,"Dwayne Johnson, Aldis Hodge, Pierce Brosnan, Noah Centineo","Action, Adventure, Fantasy",USA,"$195,000,000 ","$391,273,355 ","United States, Canada, New Zealand, Hungary"
Spirited,6.6,2022,November,PG-13,127,Sean Anders,"Will Ferrell, Ryan Reynolds, Octavia Spencer, Patrick Page","Comedy, Family, Musical",USA,"$100,000,000 ",Unknown,United States
Lady Chatterley's Lover,6.7,2022,December,R,126,Laure de Clermont Tonnerre,"Emma Corrin, Jack O Connell, Matthew Duckett, Joely Richardson","Drama, Romance",UK,Unknown,Unknown,"United Kingdom, United States"
A Christmas Story Christmas,6.8,2022,November,PG,98,Clay Kaytis,"Peter Billingsley, Erinn Hayes, River Drosche, Julianna Layne","Comedy, Family",USA,Unknown,Unknown,"United States, Mexico, Hungary, Canada"
Troll,5.8,2022,December,TV-14,101,Roar Uthaug,"Ine Marie Wilmann, Kim Falck, Mads Sj g rd Pettersen, Gard B Eidsvold","Action, Adventure, Drama",Norway,Unknown,Unknown,Norway
Black Panther: Wakanda Forever,6.8,2022,November,PG-13,161,Ryan Coogler,"Letitia Wright, Lupita Nyong o, Danai Gurira, Winston Duke","Action, Adventure, Drama",USA,"$250,000,000 ","$791,852,924 ",United States
Glass Onion: A Knives Out Mystery,7.6,2022,December,PG-13,140,Rian Johnson,"Daniel Craig, Edward Norton, Kate Hudson, Dave Bautista","Comedy, Crime, Drama",Greece,"$40,000,000 ","$13,280,000 ",United States
Triangle of Sadness,7.6,2022,September,R,147,Ruben stlund,"Thobias Thorwid, Harris Dickinson, Charlbi Dean, Jiannis Moustos","Comedy, Drama",Greece,"€ 10,000,000","$17,211,145 ","Sweden, France, United Kingdom, Germany, Turkey, Greece, United States, Denmark, Switzerland, Mexico"
Everything Everywhere All at Once,8.1,2022,March,R,139,"Dan Kwan, Daniel Scheinert","Michelle Yeoh, Stephanie Hsu, Jamie Lee Curtis, Ke Huy Quan","Action, Adventure, Comedy",USA,"$25,000,000 ","$103,384,361 ",United States
Emily the Criminal,6.7,2022,August,R,97,John Patton Ford,"Aubrey Plaza, Theo Rossi, Bernardo Badillo, John Billingsley","Crime, Drama, Thriller",Mexico,"$3,000,000 ","$2,156,296 ",United States
God's Crooked Lines,7,2022,December,TV-MA,154,Oriol Paulo,"B rbara Lennie, Eduard Fern ndez, Loreto Maule n, Javier Beltr n",Mystery,Spain,Unknown,"$6,060,070 ",Spain
Don't Worry Darling,6.2,2022,September,R,123,Olivia Wilde,"Florence Pugh, Harry Styles, Chris Pine, Olivia Wilde","Drama, Thriller",USA,"$20,000,000 ","$86,709,403 ",United States
Pinocchio,5.1,2022,September,PG,105,Robert Zemeckis,"Joseph Gordon Levitt, Tom Hanks, Benjamin Evan Ainsworth, Angus Wright","Adventure, Comedy, Drama",Italy,"$150,000,000 ","$37,353 ",United States
Top Gun: Maverick,8.4,2022,May,PG-13,130,Joseph Kosinski,"Tom Cruise, Jennifer Connelly, Miles Teller, Val Kilmer","Action, Drama",USA,"$170,000,000 ","$1,488,732,821 ",United States
Smile,6.6,2022,September,R,115,Parker Finn,"Sosie Bacon, Jessie T Usher, Kyle Gallner, Robin Weigert","Horror, Mystery, Thriller",USA,"$17,000,000 ","$216,135,048 ",United States
The Batman,7.8,2022,March,PG-13,176,Matt Reeves,"Robert Pattinson, Zo Kravitz, Jeffrey Wright, Colin Farrell","Action, Crime, Drama",UK,"$200,000,000 ","$770,836,163 ",United States
Something from Tiffany's,6.2,2022,December,PG,87,Daryl Wein,"Zoey Deutch, Kendrick Sampson, Ray Nicholson, Shay Mitchell","Comedy, Family, Romance",USA,Unknown,Unknown,United States
Barbarian,7.1,2022,September,R,102,Zach Cregger,"Georgina Campbell, Bill Skarsg rd, Justin Long, Matthew Patrick Davis","Horror, Mystery, Thriller",Bulgaria,"$4,500,000 ","$45,352,337 ",United States
She Said,7.2,2022,November,R,129,Maria Schrader,"Carey Mulligan, Zoe Kazan, Patricia Clarkson, Andre Braugher","Drama, History",USA,"$32,000,000 ","$11,110,294 ",United States
Ticket to Paradise,6.2,2022,October,PG-13,104,Ol Parker,"George Clooney, Sean Lynch, Julia Roberts, Arielle Carver O Neill","Comedy, Romance",Australia,"$60,000,000 ","$167,456,898 ","United States, United Kingdom"
The Noel Diary,6.1,2022,November,TV-14,99,Charles Shyer,"Justin Hartley, Bonnie Bedelia, Barrett Doss, James Remar","Comedy, Drama, Romance",USA,Unknown,Unknown,United States
Prey for the Devil,5.2,2022,October,PG-13,93,Daniel Stamm,"Jacqueline Byers, Debora Zhecheva, Christian Navarro, Posy Taylor","Horror, Thriller",Unknown,Unknown,"$43,300,652 ",United States
The Northman,7.1,2022,April,R,137,Robert Eggers,"Alexander Skarsg rd, Nicole Kidman, Claes Bang, Ethan Hawke","Action, Adventure, Drama",Iceland,"$60,000,000 ","$69,633,110 ","United States, China, United Kingdom"
The Pale Blue Eye,7.6,2022,January,R,128,Scott Cooper,"Christian Bale, Harry Melling, Fred Hechinger, Gillian Anderson","Crime, Horror, Mystery",USA,"$72,000,000 ",Unknown,United States
Puss in Boots: The Last Wish,7.7,2022,December,PG,100,"Joel Crawford, Januel Mercado","Antonio Banderas, Salma Hayek, Harvey Guill n, Florence Pugh","Animation, Adventure, Comedy",Unknown,Unknown,"$28,563,190 ",United States
All Quiet on the Western Front,7.8,2022,October,R,148,Edward Berger,"Felix Kammerer, Albrecht Schuch, Aaron Hilmer, Moritz Klaus","Action, Drama, War",Belgium,Unknown,Unknown,"Germany, United States, United Kingdom"
Tár,7.8,2022,October,R,158,Todd Field,"Cate Blanchett, No mie Merlant, Nina Hoss, Sophie Kauer","Biography, Drama, Music",Germany,"$35,000,000 ","$5,493,533 ",United States
Falling for Christmas,5.2,2022,November,TV-PG,93,Janeen Damian,"Lindsay Lohan, Chord Overstreet, George Young, Jack Wagner","Comedy, Romance",USA,Unknown,Unknown,United States
Scrooge: A Christmas Carol,6.1,2022,December,TV-Y7,96,Stephen Donnelly,"Luke Evans, Olivia Colman, Jessie Buckley, Johnny Flynn","Animation, Adventure, Comedy",Unknown,Unknown,Unknown,"United Kingdom, United States"
The Swimmers,7.4,2022,November,PG-13,134,Sally El Hosaini,"Matthias Schweigh fer, Manal Issa, Nathalie Issa, Ali Suliman","Biography, Drama, Sport",Turkey,Unknown,Unknown,"United Kingdom, United States"
Christmas Bloody Christmas,5.2,2022,December,Not Rated,86,Joe Begos,"Riley Dandy, Sam Delich, Jonah Ray, Dora Madison",Horror,USA,Unknown,"$190,662 ",United States
Kantara,8.5,2022,September,,148,Rishab Shetty,"Rishab Shetty, Kishore Kumar G , Achyuth Kumar, Sapthami Gowda","Action, Adventure, Drama",Unknown,"$2,000,000 ","$2,406,221 ",India
Nope,6.9,2022,July,R,130,Jordan Peele,"Daniel Kaluuya, Keke Palmer, Steven Yeun, Brandon Perea","Horror, Mystery, Sci-Fi",USA,"$68,000,000 ","$171,235,592 ","United States, Canada, Japan"
Where the Crawdads Sing,7.1,2022,July,PG-13,125,Olivia Newman,"Daisy Edgar Jones, Taylor John Smith, Harris Dickinson, David Strathairn","Drama, Mystery, Thriller",USA,"$24,000,000 ","$140,230,760 ",United States
Scream,6.3,2022,January,R,114,"Matt Bettinelli Olpin, Tyler Gillett","Neve Campbell, Courteney Cox, David Arquette, Melissa Barrera","Horror, Mystery, Thriller",USA,"$24,000,000 ","$140,041,405 ",United States
Strange World,5.1,2022,November,PG,102,"Don Hall, Qui Nguyen","Jake Gyllenhaal, Jaboukie Young White, Gabrielle Union, Dennis Quaid","Animation, Action, Adventure",USA,"$120,000,000 ","$62,170,845 ",United States
The Wonder,6.6,2022,November,R,108,Sebasti n Lelio,"Florence Pugh, Tom Burke, K la Lord Cassidy, Niamh Algar","Drama, Mystery, Thriller",Ireland,Unknown,Unknown,"Ireland, United Kingdom, United States"
Freddy,8,2022,December,,124,Shashanka Ghosh,"Kartik Aaryan, Alaya F, Karan Pandit, Sajjad Delafrooz","Drama, Mystery, Romance",Unknown,Unknown,Unknown,India
Doctor G,6.9,2022,October,,124,Anubhuti Kashyap,"Rakul Preet Singh, Ayushmann Khurrana, Shefali Shah, Ayesha Kaduskar","Comedy, Drama",Unknown,Unknown,"$2,171,942 ",India
I Believe in Santa,4.4,2022,December,PG,89,Alex Ranarivelo,"Christina Moore, John Ducey, Violet McGraw, Sachin Bhatt","Comedy, Romance",Unknown,Unknown,Unknown,United States
This Is Christmas,6.9,2022,December,,111,Chris Foggin,"Alfred Enoch, Laura Aikman, Kriss Dillon, Jack Donoghue","Comedy, Romance",UK,"$9,000,000 ",Unknown,United Kingdom
Pearl,7,2022,September,R,103,Ti West,"Mia Goth, David Corenswet, Tandi Wright, Matthew Sunderland",Horror,New Zealand,Unknown,"$9,423,445 ","United States, Canada"
The Woman King,6.7,2022,September,PG-13,135,Gina Prince Bythewood,"Viola Davis, Thuso Mbedu, Lashana Lynch, Sheila Atim","Action, Drama, History",South Africa,"$50,000,000 ","$92,272,486 ",United States
Your Christmas or Mine?,6.4,2022,December,,95,Jim O Hanlon,"Asa Butterfield, Cora Kirk, Daniel Mays, Angela Griffin","Comedy, Romance",UK,Unknown,Unknown,United Kingdom
Disenchanted,5.7,2022,November,PG,119,Adam Shankman,"Amy Adams, Patrick Dempsey, Maya Rudolph, Gabriella Baldacchino","Animation, Adventure, Comedy",Ireland,Unknown,Unknown,United States
White Noise,6.6,2022,December,R,136,Noah Baumbach,"Adam Driver, Greta Gerwig, Don Cheadle, Madison Gaughan","Comedy, Drama, Horror",USA,"$80,000,000 ","$70,459 ","United States, United Kingdom"
Night at the Museum: Kahmunrah Rises Again,5,2022,December,PG,77,"Matt Danner, Justin Lovell","Joshua Bassett, Jamie Demetriou, Alice Isaaz, Christie Bahna","Animation, Adventure, Comedy",USA,Unknown,Unknown,United States
Thor: Love and Thunder,6.3,2022,July,PG-13,118,Taika Waititi,"Chris Hemsworth, Natalie Portman, Christian Bale, Tessa Thompson","Action, Adventure, Comedy",Australia,"$250,000,000 ","$760,928,081 ","Australia, United States"
Nanny,5.2,2022,December,R,99,Nikyatu Jusu,"Anna Diop, Michelle Monaghan, Sinqua Walls, Morgan Spector","Drama, Horror, Thriller",Unknown,Unknown,Unknown,United States
Empire of Light,6.6,2022,December,R,115,Sam Mendes,"Olivia Colman, Micheal Ward, Colin Firth, Toby Jones","Drama, Romance",UK,Unknown,"$616,584 ","United Kingdom, United States"
The Mean One,4.2,2022,December,,93,Steven LaMorte,"David Howard Thornton, Krystle Martin, Chase Mullins, Amy Schumacher",Horror,Unknown,Unknown,"$520,200 ",United States
Slumberland,6.7,2022,November,PG,117,Francis Lawrence,"Jason Momoa, Marlow Barkley, Chris O Dowd, Kyle Chandler","Adventure, Comedy, Family",Canada,"$150,000,000 ",Unknown,United States
Aftersun,7.7,2022,November,R,102,Charlotte Wells,"Paul Mescal, Frankie Corio, Celia Rowlson Hall, Sally Messham",Drama,Turkey,Unknown,"$2,229,943 ","United Kingdom, United States"
Roald Dahl's Matilda the Musical,7.4,2022,December,PG,117,Matthew Warchus,"Alisha Weir, Emma Thompson, Lashana Lynch, Stephen Graham","Comedy, Drama, Family",UK,Unknown,"$15,504,227 ","United Kingdom, United States"
Devotion,7,2022,November,PG-13,139,J D Dillard,"Jonathan Majors, Glen Powell, Christina Jackson, Thomas Sadoski","Action, Drama, War",USA,"$90,000,000 ","$19,949,405 ",United States
Terrifier 2,6.2,2022,October,Not Rated,138,Damien Leone,"Lauren LaVera, David Howard Thornton, Jenna Kanell, Kailey Hyman",Horror,USA,"$250,000 ","$12,150,025 ",United States
See How They Run,6.5,2022,September,PG-13,98,Tom George,"Kieran Hodgson, Pearl Chanda, Gregory Cox, Harris Dickinson","Comedy, Mystery",UK,"$40,000,000 ","$21,966,634 ","United States, United Kingdom"
The Stranger,6.6,2022,October,TV-MA,117,Thomas M Wright,"Joel Edgerton, Sean Harris, Jada Alberts, Cormac Wright","Crime, Drama, Thriller",Australia,Unknown,"$139,087 ",Australia
Elvis,7.4,2022,June,PG-13,159,Baz Luhrmann,"Tom Hanks, Austin Butler, Olivia DeJonge, Helen Thomson","Biography, Drama, Music",Australia,"$85,000,000 ","$286,040,048 ","United States, Australia"
Weird: The Al Yankovic Story,7,2022,November,TV-14,108,Eric Appel,"Diedrich Bader, Daniel Radcliffe, Lin Manuel Miranda, Richard Aaron Anderson","Biography, Comedy, Music",USA,"$8,000,000 ",Unknown,United States
The Gray Man,6.5,2022,July,PG-13,122,"Anthony Russo, Joe Russo","Ryan Gosling, Chris Evans, Ana de Armas, Billy Bob Thornton","Action, Thriller",France,"$200,000,000 ","$454,023 ","United States, Czech Republic"
RRR,7.9,2022,March,Not Rated,187,S S Rajamouli,"N T Rama Rao Jr , Ram Charan Teja, Ajay Devgn, Alia Bhatt","Action, Drama",Bulgaria,"₹3,500,000,000","$102,973,162 ",India
Whitney Houston: I Wanna Dance with Somebody,6.8,2022,December,PG-13,146,Kasi Lemmons,"Naomi Ackie, Stanley Tucci, Ashton Sanders, Tamara Tunie","Biography, Drama, Music",USA,Unknown,"$2,730,000 ",United States
The Binge 2: It's A Wonderful Binge,4.7,2022,December,TV-MA,98,Jordan VanDina,"Kaitlin Olson, Danny Trejo, Patty Guggenheim, Eduardo Franco",Comedy,USA,Unknown,Unknown,United States
The School for Good and Evil,5.8,2022,October,PG-13,147,Paul Feig,"Kit Young, Sophia Anne Caruso, Cate Blanchett, Liam Woon","Action, Comedy, Drama",UK,Unknown,Unknown,United States
Enola Holmes 2,6.8,2022,November,PG-13,129,Harry Bradbeer,"Millie Bobby Brown, Henry Cavill, David Thewlis, Louis Partridge","Action, Adventure, Crime",UK,Unknown,Unknown,"United Kingdom, United States"
Bardo: False Chronicle of a Handful of Truths,7,2022,December,R,159,Alejandro G I rritu,"Daniel Gim nez Cacho, Griselda Siciliani, Ximena Lamadrid, ker S nchez Solano","Comedy, Drama",Mexico,Unknown,"$38,190 ",Mexico
Decision to Leave,7.3,2022,June,,139,Park Chan wook,"Park Hae il, Tang Wei, Lee Jung hyun, Go Kyung Pyo","Crime, Drama, Mystery",South Korea,"$10,000,000 ","$21,661,216 ",South Korea
Fall,6.4,2022,August,PG-13,107,Scott Mann,"Grace Caroline Currey, Virginia Gardner, Mason Gooding, Jeffrey Dean Morgan",Thriller,USA,"$3,000,000 ","$17,377,065 ","United Kingdom, United States"
The Good Nurse,6.8,2022,October,R,121,Tobias Lindholm,"Eddie Redmayne, Jessica Chastain, Denise Pillott, Dartel McRae","Biography, Crime, Drama",USA,Unknown,"$14,943 ",United States
Drishyam 2,8.6,2022,November,,140,Abhishek Pathak,"Ajay Devgn, Tabu, Akshaye Khanna, Shriya Saran","Crime, Drama, Mystery",India,Unknown,"$2,776,721 ",India
A Man Called Otto,,2022,January,PG-13,126,Marc Forster,"Tom Hanks, Rachel Keller, Manuel Garcia Rulfo, Kailey Hyman","Comedy, Drama",USA,Unknown,Unknown,"Sweden, United States"
The Apology,5,2022,December,,91,Alison Locke,"Anna Gunn, Linus Roache, Janeane Garofalo, Holland Bailey",Thriller,USA,Unknown,Unknown,United States
Uncharted,6.3,2022,February,PG-13,116,Ruben Fleischer,"Tom Holland, Mark Wahlberg, Antonio Banderas, Sophia Ali","Action, Adventure",Spain,"$120,000,000 ","$401,748,820 ","Spain, United States"
Women Talking,7.7,2022,January,PG-13,104,Sarah Polley,"Rooney Mara, Claire Foy, Jessie Buckley, Frances McDormand",Drama,Unknown,Unknown,Unknown,United States
Death on the Nile,6.3,2022,February,PG-13,127,Kenneth Branagh,"Tom Bateman, Annette Bening, Kenneth Branagh, Russell Brand","Crime, Drama, Mystery",Egypt,"$90,000,000 ","$137,307,235 ","United States, United Kingdom"
Blonde,5.5,2022,September,NC-17,167,Andrew Dominik,"Ana de Armas, Lily Fisher, Julianne Nicholson, Tygh Runyan","Biography, Drama, Romance",USA,"$22,000,000 ",Unknown,United States
Christmas with You,5.5,2022,November,TV-PG,89,Gabriela Tagliavini,"Aimee Garcia, Freddie Prinze Jr , Deja Monique Cruz, Gabriel Sloyer","Comedy, Family, Romance",USA,Unknown,Unknown,United States
Corsage,6.7,2022,December,,113,Marie Kreutzer,"Vicky Krieps, Colin Morgan, Ivana Urban, Alma Hasun","Biography, Drama, History",Austria,"€ 7,500,000","$1,259,206 ","Austria, Luxembourg, Germany, France"
Jurassic World: Dominion,5.7,2022,June,PG-13,147,Colin Trevorrow,"Chris Pratt, Bryce Dallas Howard, Laura Dern, Sam Neill","Action, Adventure, Sci-Fi",Malta,"$165,000,000 ","$1,001,136,080 ","United States, China, Malta"
Skinamarink,5.4,2022,January,,100,Kyle Edward Ball,"Jaime Hill, Lucas Paul, Ross Paul, Dali Rose Tetreault",Horror,Canada,"CA$15,000",Unknown,Canada
Spoiler Alert,6.7,2022,December,PG-13,112,Michael Showalter,"Jim Parsons, Ben Aldridge, Josh Pais, Allegra Heart","Comedy, Drama",Unknown,Unknown,"$1,384,003 ",United States
I Heard the Bells,7.4,2022,December,,110,Joshua Enck,"Stephen Atherholt, Jonathan Blair, Rachel Day Hughes, Zach Meeker",Drama,Unknown,Unknown,"$5,382,295 ",United States
Memory,5.7,2022,April,R,114,Martin Campbell,"Liam Neeson, Guy Pearce, Taj Atwal, Harold Torres","Action, Crime, Thriller",Bulgaria,"$30,000,000 ","$13,897,255 ",United States
An Action Hero,8,2022,December,,130,Anirudh Iyer,"Ayushmann Khurrana, Nora Fatehi, Akshay Kumar, Malaika Arora","Action, Comedy, Crime",Unknown,Unknown,"$197,835 ",India
The Big Four,6.1,2022,December,TV-MA,141,Timo Tjahjanto,"Abimana Aryasatya, Putri Marino, Lutesha, Arie Kriting","Action, Comedy, Crime",Indonesia,Unknown,Unknown,Indonesia
The Fallout,7,2021,January,R,96,Megan Park,"Jenna Ortega, Maddie Ziegler, Niles Fitch, Will Ropp",Drama,USA,Unknown,Unknown,United States
Farha,8.4,2021,December,TV-14,92,Darin J Sallam,"Karam Taher, Ashraf Barhom, Ali Suliman, Tala Gammoh",Drama,Jordan,Unknown,$703 ,"Jordan, Saudi Arabia, Sweden"
Dune,8,2021,October,PG-13,155,Denis Villeneuve,"Timoth e Chalamet, Rebecca Ferguson, Zendaya, Oscar Isaac","Action, Adventure, Drama",Jordan,"$165,000,000 ","$401,847,900 ","United States, Canada"
Spider-Man: No Way Home,8.3,2021,December,PG-13,148,Jon Watts,"Tom Holland, Zendaya, Benedict Cumberbatch, Jacob Batalon","Action, Adventure, Fantasy",Iceland,"$200,000,000 ","$1,917,430,023 ",United States
The Little Things,6.3,2021,January,R,128,John Lee Hancock,"Denzel Washington, Rami Malek, Jared Leto, Chris Bauer","Crime, Drama, Mystery",USA,"$30,000,000 ","$30,863,426 ",United States
No Time to Die,7.3,2021,October,PG-13,163,Cary Joji Fukunaga,"Daniel Craig, Ana de Armas, Rami Malek, L a Seydoux","Action, Adventure, Thriller",UK,"$250,000,000 ","$774,153,007 ","United Kingdom, United States"
Love Hard,6.3,2021,November,TV-MA,104,Hern n Jim nez,"Nina Dobrev, Jimmy O Yang, Darren Barnet, James Saito","Comedy, Romance",Canada,Unknown,Unknown,United States
A Boy Called Christmas,6.7,2021,November,PG,106,Gil Kenan,"Maggie Smith, Isabella O Sullivan, Joel Fry, Eden Lawrence","Adventure, Drama, Family",Finland,Unknown,"$3,704,685 ","United Kingdom, France"
The Suicide Squad,7.2,2021,August,R,132,James Gunn,"Margot Robbie, Idris Elba, John Cena, Joel Kinnaman","Action, Adventure, Comedy",Panama,"$185,000,000 ","$168,657,565 ",United States
Don't Look Up,7.2,2021,December,R,138,Adam McKay,"Leonardo DiCaprio, Jennifer Lawrence, Meryl Streep, Cate Blanchett","Comedy, Drama, Sci-Fi",USA,"$75,000,000 ","$791,863 ",United States
The Black Phone,6.9,2021,June,R,103,Scott Derrickson,"Mason Thames, Madeleine McGraw, Ethan Hawke, Jeremy Davies","Horror, Thriller",USA,"$18,000,000 ","$161,204,742 ",United States
Licorice Pizza,7.2,2021,December,R,133,Paul Thomas Anderson,"Alana Haim, Cooper Hoffman, Sean Penn, Tom Waits","Comedy, Drama, Romance",USA,"$40,000,000 ","$33,267,952 ","United States, Canada"
Girl in the Basement,6.3,2021,February,TV-14,88,Elisabeth R hm,"Judd Nelson, Stefanie Scott, Joely Fisher, Emma Myers","Crime, Thriller",Georgia,Unknown,Unknown,United States
The King's Man,6.3,2021,December,R,131,Matthew Vaughn,"Ralph Fiennes, Gemma Arterton, Rhys Ifans, Harris Dickinson","Action, Adventure, Thriller",Italy,"$100,000,000 ","$125,897,478 ","United Kingdom, United States"
Sing 2,7.4,2021,December,PG,110,"Garth Jennings, Christophe Lourdelet","Matthew McConaughey, Reese Witherspoon, Scarlett Johansson, Tori Kelly","Animation, Adventure, Comedy",Unknown,"$85,000,000 ","$407,514,912 ","United States, Japan"
Mortal Kombat,6.1,2021,April,R,110,Simon McQuoid,"Lewis Tan, Jessica McNamee, Josh Lawson, Joe Taslim","Action, Adventure, Fantasy",Australia,"$55,000,000 ","$84,416,731 ",United States
Last Night in Soho,7.1,2021,October,R,116,Edgar Wright,"Thomasin McKenzie, Anya Taylor Joy, Matt Smith, Diana Rigg","Drama, Horror, Mystery",UK,"$43,000,000 ","$22,957,625 ","United Kingdom, China"
Nobody,7.4,2021,March,R,92,Ilya Naishuller,"Bob Odenkirk, Aleksey Serebryakov, Connie Nielsen, Christopher Lloyd","Action, Crime, Drama",Canada,"$16,000,000 ","$57,510,518 ","United States, Japan, China"
Nightmare Alley,7,2021,December,R,150,Guillermo del Toro,"Bradley Cooper, Cate Blanchett, Toni Collette, Willem Dafoe","Crime, Drama, Thriller",USA,"$60,000,000 ","$39,629,195 ","United States, Mexico, Canada"
Eternals,6.3,2021,November,PG-13,156,Chlo Zhao,"Gemma Chan, Richard Madden, Angelina Jolie, Salma Hayek","Action, Adventure, Fantasy",Spain,"$200,000,000 ","$402,064,899 ",United States
8-Bit Christmas,6.7,2021,November,PG,97,Michael Dowse,"Winslow Fegley, Neil Patrick Harris, Steve Zahn, June Diane Raphael","Comedy, Family",Canada,Unknown,Unknown,United States
The Worst Person in the World,7.8,2021,October,R,128,Joachim Trier,"Renate Reinsve, Anders Danielsen Lie, Herbert Nordrum, Hans Olav Brenner","Comedy, Drama, Romance",Norway,"€ 5,000,000","$12,678,166 ","Norway, France, Sweden, Denmark"
Free Guy,7.1,2021,August,PG-13,115,Shawn Levy,"Ryan Reynolds, Jodie Comer, Taika Waititi, Lil Rel Howery","Action, Adventure, Comedy",USA,"$120,000,000 ","$331,526,598 ","United States, Canada"
Zack Snyder's Justice League,8,2021,March,R,242,Zack Snyder,"Henry Cavill, Ben Affleck, Gal Gadot, Amy Adams","Action, Adventure, Fantasy",Iceland,"$300,000,000 ",Unknown,United States
Pleasure,6.4,2021,October,R,109,Ninja Thyberg,"Sofia Kappel, Zelda Morrison, Evelyn Claire, Chris Cock",Drama,USA,"SEK 19,000,000","$393,824 ","Sweden, Netherlands, France"
Single All the Way,6.1,2021,December,TV-PG,99,Michael Mayer,"Michael Urie, Philemon Chambers, Luke Macfarlane, Barry Bostwick","Comedy, Drama, Romance",Canada,Unknown,Unknown,United States
House of Gucci,6.6,2021,November,R,158,Ridley Scott,"Lady Gaga, Adam Driver, Al Pacino, Jeremy Irons","Biography, Crime, Drama",Italy,"$75,000,000 ","$153,265,068 ","United States, Canada"
Encanto,7.2,2021,November,PG,102,"Jared Bush, Byron Howard, Charise Castro Smith","Stephanie Beatriz, Mar a Cecilia Botero, John Leguizamo, Mauro Castillo","Animation, Comedy, Family",Unknown,"$50,000,000 ","$256,786,742 ",United States
The Matrix Resurrections,5.7,2021,December,R,148,Lana Wachowski,"Keanu Reeves, Carrie Anne Moss, Yahya Abdul Mateen II, Jonathan Groff","Action, Sci-Fi",Germany,"$190,000,000 ","$157,297,525 ","United States, Australia"
Home Sweet Home Alone,3.6,2021,November,PG,93,Dan Mazer,"Ellie Kemper, Rob Delaney, Archie Yates, Aisling Bea","Comedy, Crime, Family",Canada,"$15,000,000 ",Unknown,United States
Ghostbusters: Afterlife,7.1,2021,November,PG-13,124,Jason Reitman,"Carrie Coon, Paul Rudd, Finn Wolfhard, Mckenna Grace","Adventure, Comedy, Fantasy",Canada,"$75,000,000 ","$204,334,455 ","United States, Canada"
Wrath of Man,7.1,2021,May,R,119,Guy Ritchie,"Jason Statham, Holt McCallany, Josh Hartnett, Rocci Williams","Action, Crime, Thriller",USA,"$40,000,000 ","$103,966,489 ","United Kingdom, United States"
Black Widow,6.7,2021,July,PG-13,134,Cate Shortland,"Scarlett Johansson, Florence Pugh, David Harbour, Rachel Weisz","Action, Adventure, Sci-Fi",Norway,"$200,000,000 ","$379,751,655 ",United States
Yes Day,5.7,2021,March,PG,86,Miguel Arteta,"Jennifer Garner, Edgar Ram rez, Jenna Ortega, Julian Lerner","Comedy, Family",USA,Unknown,Unknown,United States
F9: The Fast Saga,5.2,2021,June,PG-13,143,Justin Lin,"Vin Diesel, Michelle Rodriguez, Jordana Brewster, Tyrese Gibson","Action, Crime, Thriller",Georgia,"$200,000,000 ","$726,229,501 ",United States
CODA,8,2021,August,PG-13,111,Sian Heder,"Emilia Jones, Marlee Matlin, Troy Kotsur, Daniel Durant","Comedy, Drama, Music",USA,"$10,000,000 ","$1,886,365 ","France, Canada, United States"
The Last Duel,7.4,2021,October,R,152,Ridley Scott,"Matt Damon, Adam Driver, Jodie Comer, Harriet Walter","Action, Drama, History",Ireland,"$100,000,000 ","$30,552,111 ","United Kingdom, United States"
A Castle for Christmas,5.5,2021,November,TV-G,98,Mary Lambert,"Brooke Shields, Cary Elwes, Lee Ross, Andi Osho","Adventure, Comedy, Drama",UK,Unknown,Unknown,"United Kingdom, United States"
Cyrano,6.4,2021,February,PG-13,123,Joe Wright,"Peter Dinklage, Haley Bennett, Kelvin Harrison Jr , Ben Mendelsohn","Drama, Musical, Romance",Italy,Unknown,"$6,396,686 ","United Kingdom, Canada, United States"
Silent Night,5.7,2021,December,,92,Camille Griffin,"Keira Knightley, Matthew Goode, Roman Griffin Davis, Annabelle Wallis","Comedy, Drama",Unknown,Unknown,"$438,825 ",United Kingdom
The Power of the Dog,6.8,2021,December,R,126,Jane Campion,"Benedict Cumberbatch, Kirsten Dunst, Jesse Plemons, Kodi Smit McPhee","Drama, Romance, Western",New Zealand,Unknown,"$271,009 ","New Zealand, United Kingdom, Canada, Australia"
The Voyeurs,6,2021,September,R,116,Michael Mohan,"Sydney Sweeney, Justice Smith, Ben Hardy, Natasha Liu Bordizzo","Drama, Mystery, Thriller",Canada,Unknown,Unknown,United States
Shang-Chi and the Legend of the Ten Rings,7.4,2021,September,PG-13,132,Destin Daniel Cretton,"Simu Liu, Awkwafina, Tony Chiu Wai Leung, Ben Kingsley","Action, Adventure, Fantasy",Australia,"$200,000,000 ","$432,243,292 ",United States
West Side Story,7.2,2021,December,PG-13,156,Steven Spielberg,"Ansel Elgort, Rachel Zegler, Ariana DeBose, David Alvarez","Crime, Drama, Musical",USA,"$100,000,000 ","$76,016,171 ",United States
Operation Mincemeat,6.6,2021,May,PG-13,128,John Madden,"Colin Firth, Matthew Macfadyen, Kelly Macdonald, Rufus Wright","Drama, War",Spain,Unknown,"$15,710,164 ","United Kingdom, United States"
Old,5.8,2021,July,PG-13,108,M Night Shyamalan,"Gael Garc a Bernal, Vicky Krieps, Rufus Sewell, Alex Wolff","Drama, Horror, Mystery",Dominican Republic,"$18,000,000 ","$90,146,510 ","United States, Japan, China"
Red Notice,6.3,2021,November,PG-13,118,Rawson Marshall Thurber,"Dwayne Johnson, Ryan Reynolds, Gal Gadot, Ritu Arya","Action, Comedy, Thriller",Italy,"$160,000,000 ","$178,143 ",United States
Mad God,6.8,2021,June,,83,Phil Tippett,"Alex Cox, Niketa Roman, Satish Ratakonda, Harper Taylor","Animation, Fantasy, Horror",Unknown,Unknown,"$325,042 ",United States
The Green Knight,6.6,2021,July,R,130,David Lowery,"Dev Patel, Alicia Vikander, Joel Edgerton, Sarita Choudhury","Adventure, Drama, Fantasy",Ireland,Unknown,"$18,888,418 ","United States, Canada, Ireland"
The Many Saints of Newark,6.3,2021,October,R,120,Alan Taylor,"Alessandro Nivola, Leslie Odom Jr , Jon Bernthal, Vera Farmiga","Crime, Drama",USA,"$50,000,000 ","$13,058,293 ",United States
Belfast,7.3,2021,November,PG-13,98,Kenneth Branagh,"Jude Hill, Lewis McAskie, Caitr ona Balfe, Jamie Dornan","Biography, Drama",UK,"$25,000,000 ","$48,845,160 ",United Kingdom
Father Christmas Is Back,4.5,2021,November,PG-13,105,"Mick Davis, Philippe Martinez","Elizabeth Hurley, John Cleese, Kelsey Grammer, Nathalie Cox",Comedy,UK,Unknown,"$5,751 ",United Kingdom
The Guilty,6.3,2021,October,R,90,Antoine Fuqua,"Jake Gyllenhaal, Riley Keough, Peter Sarsgaard, Christina Vidal","Crime, Drama, Thriller",USA,Unknown,Unknown,United States
Army of the Dead,5.7,2021,May,R,148,Zack Snyder,"Dave Bautista, Ella Purnell, Ana de la Reguera, Omari Hardwick","Action, Crime, Horror",USA,"$70,000,000 ",Unknown,United States
Malignant,6.2,2021,September,R,111,James Wan,"Annabelle Wallis, Maddie Hasson, George Young, Michole Briana White","Crime, Horror, Mystery",USA,"$40,000,000 ","$34,892,041 ","United States, China"
Marcel the Shell with Shoes On,7.9,2021,June,PG,90,Dean Fleischer Camp,"Jenny Slate, Dean Fleischer Camp, Isabella Rossellini, Joe Gabler","Animation, Comedy, Drama",Unknown,Unknown,"$6,336,735 ",United States
The Electrical Life of Louis Wain,6.8,2021,November,PG-13,111,Will Sharpe,"Benedict Cumberbatch, Claire Foy, Andrea Riseborough, Toby Jones","Biography, Drama, History",UK,Unknown,"$1,509,173 ",United Kingdom
The Tomorrow War,6.5,2021,July,PG-13,138,Chris McKay,"Chris Pratt, Yvonne Strahovski, J K Simmons, Betty Gilpin","Action, Adventure, Drama",Iceland,"$200,000,000 ","$14,400,000 ",United States
On the Count of Three,7,2021,May,R,86,Jerrod Carmichael,"Jerrod Carmichael, Christopher Abbott, Tiffany Haddish, Lavell Crawford","Comedy, Crime, Drama",Canada,Unknown,"$62,131 ",United States
After Yang,6.6,2021,March,PG,96,Kogonada,"Colin Farrell, Jodie Turner Smith, Malea Emma Tjandrawidjaja, Justin H Min","Drama, Sci-Fi",Unknown,Unknown,"$672,154 ",United States
Godzilla vs. Kong,6.3,2021,March,PG-13,113,Adam Wingard,"Alexander Skarsg rd, Millie Bobby Brown, Rebecca Hall, Brian Tyree Henry","Action, Sci-Fi, Thriller",Australia,"$200,000,000 ","$470,067,014 ",United States
Cruella,7.3,2021,May,PG-13,134,Craig Gillespie,"Emma Stone, Emma Thompson, Joel Fry, Paul Walter Hauser","Adventure, Comedy, Crime",UK,"$100,000,000 ","$233,503,234 ","United States, United Kingdom"
Army of Thieves,6.4,2021,October,TV-MA,127,Matthias Schweigh fer,"Matthias Schweigh fer, Nathalie Emmanuel, Ruby O Fee, Stuart Martin","Action, Comedy, Crime",Germany,Unknown,Unknown,"Germany, United States"
Benedetta,6.8,2021,December,Unrated,131,Paul Verhoeven,"Virginie Efira, Charlotte Rampling, Daphne Patakia, Lambert Wilson","Biography, Drama, History",France,"$24,350,000 ","$4,250,592 ","France, Belgium, Netherlands"
Resident Evil: Welcome to Raccoon City,5.2,2021,November,R,107,Johannes Roberts,"Kaya Scodelario, Robbie Amell, Hannah John Kamen, Tom Hopper","Action, Horror, Sci-Fi",Canada,"$25,000,000 ","$41,914,915 ","Canada, Germany"
Infinite,5.4,2021,June,PG-13,106,Antoine Fuqua,"Mark Wahlberg, Chiwetel Ejiofor, Sophie Cookson, Dylan O Brien","Action, Sci-Fi, Thriller",UK,Unknown,Unknown,United States
Boiling Point,7.5,2021,January,R,92,Philip Barantini,"Stephen Graham, Vinette Robinson, Alice Feetham, Ray Panthaki","Drama, Thriller",UK,"$820,000 ","$1,426,916 ",United Kingdom
The Harder They Fall,6.6,2021,November,R,139,Jeymes Samuel,"Jonathan Majors, Zazie Beetz, RJ Cyler, Edi Gathegi","Action, Drama, Western",USA,Unknown,"$8,292 ",United States
Voyagers,5.4,2021,April,PG-13,108,Neil Burger,"Colin Farrell, Tye Sheridan, Lily Rose Depp, Fionn Whitehead","Adventure, Sci-Fi, Thriller",Romania,Unknown,"$4,298,184 ","United States, Czech Republic, Romania, United Kingdom"
Venom: Let There Be Carnage,5.9,2021,October,PG-13,97,Andy Serkis,"Tom Hardy, Woody Harrelson, Michelle Williams, Naomie Harris","Action, Adventure, Sci-Fi",UK,"$110,000,000 ","$506,863,592 ","United States, China"
Red Rocket,7.2,2021,December,R,130,Sean Baker,"Simon Rex, Bree Elrod, Suzanna Son, Brenda Deiss","Comedy, Drama",USA,"$1,100,000 ","$2,312,554 ",United States
Pig,6.9,2021,July,R,92,Michael Sarnoski,"Nicolas Cage, Alex Wolff, Adam Arkin, Cassandra Violet","Drama, Mystery",USA,Unknown,"$3,889,432 ","United States, United Kingdom"
No Sudden Move,6.4,2021,July,R,115,Steven Soderbergh,"Don Cheadle, Benicio Del Toro, David Harbour, Jon Hamm","Crime, Drama, Mystery",USA,Unknown,Unknown,United States
The Addams Family 2,5.4,2021,October,PG,93,"Greg Tiernan, Conrad Vernon, Laura Brousseau, Kevin Pavlovic","Oscar Isaac, Charlize Theron, Chlo Grace Moretz, Javon Wanna Walton","Animation, Adventure, Comedy",Unknown,Unknown,"$119,815,153 ","United States, Canada"
The Innocents,7,2021,September,Not Rated,117,Eskil Vogt,"Rakel Lenora Fl ttum, Alva Brynsmo Ramstad, Sam Ashraf, Mina Yasmin Bremseth Asheim","Drama, Fantasy, Horror",Unknown,Unknown,"$232,071 ","Norway, Sweden, Denmark, Finland, France, United Kingdom"
King Richard,7.5,2021,November,PG-13,144,Reinaldo Marcus Green,"Will Smith, Aunjanue Ellis, Jon Bernthal, Saniyya Sidney","Biography, Drama, Sport",USA,"$50,000,000 ","$39,359,895 ",United States
The Forgiven,6,2021,September,R,117,John Michael McDonagh,"Jessica Chastain, Ralph Fiennes, Matt Smith, Abbey Lee",Drama,Morocco,Unknown,"$1,371,556 ","United Kingdom, United States, Canada"
"tick, tick... BOOM!",7.5,2021,November,PG-13,120,Lin Manuel Miranda,"Andrew Garfield, Alexandra Shipp, Robin de Jesus, Vanessa Hudgens","Biography, Comedy, Drama",USA,"$55,000,000 ","$112,777 ",United States
Antlers,5.9,2021,October,R,99,Scott Cooper,"Keri Russell, Jesse Plemons, Jeremy T Thomas, Graham Greene","Drama, Horror, Mystery",Canada,Unknown,"$18,867,659 ","Mexico, United States"
Jungle Cruise,6.6,2021,July,PG-13,127,Jaume Collet Serra,"Dwayne Johnson, Emily Blunt, Edgar Ram rez, Jack Whitehall","Action, Adventure, Comedy",USA,"$200,000,000 ","$220,889,446 ",United States
Drive My Car,7.6,2021,November,Unrated,179,Ry suke Hamaguchi,"Hidetoshi Nishijima, T ko Miura, Reika Kirishima, Masaki Okada",Drama,Japan,Unknown,"$15,313,054 ",Japan
Cherry,6.6,2021,March,R,142,"Anthony Russo, Joe Russo","Tom Holland, Ciara Bravo, Jack Reynor, Forrest Goodluck","Crime, Drama",Saudi Arabia,"$40,000,000 ",Unknown,United States
Finch,6.9,2021,November,PG-13,115,Miguel Sapochnik,"Tom Hanks, Caleb Landry Jones, Marie Wagenman, Lora Martinez Cunningham","Adventure, Drama, Sci-Fi",USA,Unknown,Unknown,"United States, India"
The Tragedy of Macbeth,7.1,2021,January,R,105,Joel Coen,"Denzel Washington, Frances McDormand, Alex Hassell, Bertie Carvel","Drama, Mystery, Thriller",USA,Unknown,"$524,771 ",United States
The Lost Daughter,6.7,2021,December,R,121,Maggie Gyllenhaal,"Olivia Colman, Jessie Buckley, Dakota Johnson, Ed Harris",Drama,Greece,Unknown,"$703,281 ","United States, United Kingdom, Israel, Greece"
Stillwater,6.6,2021,July,R,139,Tom McCarthy,"Matt Damon, Camille Cottin, Abigail Breslin, Lilou Siauvaud","Crime, Drama, Thriller",USA,Unknown,"$19,754,272 ",United States
The Sadness,6.5,2021,May,TV-MA,99,Rob Jabbaz,"Berant Zhu, Regina Lei, Ying Ru Chen, Tzu Chiang Wang",Horror,Taiwan,Unknown,"$430,254 ",Taiwan
The Unforgivable,7.1,2021,December,R,112,Nora Fingscheidt,"Sandra Bullock, Viola Davis, Vincent D Onofrio, Jon Bernthal","Crime, Drama",Canada,Unknown,"$13,062 ","United Kingdom, Germany, United States"
Spencer,6.6,2021,November,R,117,Pablo Larra n,"Kristen Stewart, Timothy Spall, Sally Hawkins, Jack Nielen","Biography, Drama",Germany,"$18,000,000 ","$24,901,028 ","United Kingdom, Germany, United States, Chile"
Candyman,5.9,2021,August,R,91,Nia DaCosta,"Yahya Abdul Mateen II, Teyonah Parris, Nathan Stewart Jarrett, Colman Domingo","Horror, Thriller",USA,"$22,000,000 ","$77,411,570 ","Canada, United States"
Kate,6.2,2021,September,R,106,Cedric Nicolas Troyan,"Mary Elizabeth Winstead, Woody Harrelson, Miku Patricia Martineau, Tadanobu Asano","Action, Adventure, Crime",Japan,Unknown,Unknown,United States
After We Fell,4.7,2021,October,R,98,Castille Landon,"Josephine Langford, Hero Fiennes Tiffin, Louise Lombard, Chance Perdomo","Drama, Romance",Bulgaria,Unknown,"$21,753,312 ","United States, Bulgaria"
Luca,7.4,2021,June,PG,95,Enrico Casarosa,"Jacob Tremblay, Jack Dylan Grazer, Emma Berman, Saverio Raimondo","Animation, Adventure, Comedy",Italy,Unknown,"$49,750,471 ",United States
The Hating Game,6.2,2021,December,R,102,Peter Hutchings,"Lucy Hale, Austin Stowell, Damon Daunno, Sakina Jaffrey","Comedy, Romance",USA,Unknown,"$1,539,384 ","United States, United Kingdom"
Titane,6.6,2021,October,R,108,Julia Ducournau,"Vincent Lindon, Agathe Rousselle, Garance Marillier, La s Salameh","Drama, Horror, Sci-Fi",France,"€ 5,700,000","$4,982,335 ","France, Belgium"
Till Death,5.8,2021,July,R,88,S K Dale,"Megan Fox, Eoin Macken, Callan Mulvey, Jack Roth",Thriller,Bulgaria,Unknown,"$594,582 ",United States
Raya and the Last Dragon,7.3,2021,March,PG,107,"Don Hall, Carlos L pez Estrada, Paul Briggs, John Ripa","Kelly Marie Tran, Awkwafina, Gemma Chan, Izaac Wang","Animation, Action, Adventure",Vietnam,Unknown,"$130,423,032 ",United States
Gunpowder Milkshake,6,2021,July,R,114,Navot Papushado,"Karen Gillan, Lena Headey, Carla Gugino, Michelle Yeoh","Action, Crime, Thriller",Germany,"$30,000,000 ","$1,015,760 ","France, Germany, United States"
Benediction,6.6,2021,December,PG-13,137,Terence Davies,"Jack Lowden, Anton Lesser, Kate Phillips, Peter Capaldi","Biography, Drama, War",United Kingdom,Unknown,"$847,418 ","United Kingdom, United States"
The Conjuring: The Devil Made Me Do It,6.3,2021,June,R,112,Michael Chaves,"Patrick Wilson, Vera Farmiga, Ruairi O Connor, Sarah Catherine Hook","Horror, Mystery, Thriller",USA,"$39,000,000 ","$206,401,480 ",United States